# Host: localhost  (Version 5.5.40)
# Date: 2017-06-10 09:47:12
# Generator: MySQL-Front 6.0  (Build 1.164)


#
# Structure for table "admin"
#

DROP TABLE IF EXISTS `admin`;
CREATE TABLE `admin` (
  `id` int(11) NOT NULL AUTO_INCREMENT,
  `username` varchar(20) DEFAULT NULL,
  `password` varchar(32) DEFAULT NULL,
  PRIMARY KEY (`id`)
) ENGINE=InnoDB AUTO_INCREMENT=2 DEFAULT CHARSET=utf8;

#
# Data for table "admin"
#

INSERT INTO `admin` VALUES (1,'admin','b0baee9d279d34fa1dfd71aadb908c3f');

#
# Structure for table "brand"
#

DROP TABLE IF EXISTS `brand`;
CREATE TABLE `brand` (
  `id` int(11) NOT NULL AUTO_INCREMENT COMMENT 'ID',
  `name` varchar(30) NOT NULL DEFAULT '' COMMENT '品牌名称',
  `status` int(3) DEFAULT '0' COMMENT '状态',
  PRIMARY KEY (`id`)
) ENGINE=InnoDB AUTO_INCREMENT=179 DEFAULT CHARSET=utf8 COMMENT='品牌';

#
# Data for table "brand"
#

INSERT INTO `brand` VALUES (1,'奥迪',0),(5,'奔驰',0),(6,'宝马',0),(7,'标致',0),(9,'比亚迪',0),(10,'本田',0),(11,'奔腾',0),(12,'宝龙',0),(13,'保时捷',0),(15,'别克',0),(17,'宝骏',0),(18,'北京汽车',0),(20,'巴博斯',0),(21,'长城',0),(22,'昌河',0),(23,'长安轿车',0),(24,'长丰',0),(25,'长安商用',0),(26,'大众',0),(27,'东风',0),(28,'东南',0),(30,'大宇',0),(31,'道奇',0),(32,'东风风行',0),(33,'东风风神',0),(34,'帝豪',0),(35,'大通',0),(36,'丰田',0),(37,'福特',0),(38,'菲亚特',0),(39,'富奇',0),(40,'福迪',0),(41,'法拉利',0),(42,'福田',0),(43,'福达',0),(45,'GMC',0),(48,'广汽',0),(49,'哈飞',0),(50,'海马',0),(51,'华普',0),(52,'汇众',0),(53,'黄海',0),(54,'红旗',0),(56,'悍马',0),(57,'华泰',0),(58,'汉江',0),(59,'黑豹',0),(60,'华阳',0),(61,'海马商用车',0),(62,'海格',0),(63,'吉普',0),(64,'吉利',0),(65,'江淮',0),(66,'江铃',0),(67,'江南',0),(68,'金杯',0),(69,'金龙联合',0),(70,'金程',0),(71,'捷豹',0),(72,'吉林江北',0),(73,'济南汽车',0),(74,'九龙',0),(75,'金旅客车',0),(76,'俊风',0),(77,'克莱斯勒',0),(78,'凯迪拉克',0),(79,'科尼塞克',0),(80,'开瑞',0),(81,'铃木',0),(82,'陆风',0),(83,'力帆',0),(84,'劳斯莱斯',0),(85,'路特斯',0),(86,'兰博基尼',0),(87,'蓝旗亚',0),(88,'雷克萨斯',0),(89,'林肯',0),(90,'路虎',0),(91,'雷诺',0),(92,'罗孚',0),(93,'莲花',0),(94,'理念',0),(95,'马自达',0),(96,'美亚',0),(97,'MG',0),(98,'MINI',0),(99,'迈巴赫',0),(100,'玛莎拉蒂',0),(101,'牡丹汽车',0),(102,'纳智捷',0),(103,'讴歌',0),(104,'欧宝',0),(105,'欧朗',0),(106,'旁蒂克',0),(107,'起亚',0),(108,'奇瑞',0),(109,'庆铃',0),(110,'全球鹰',0),(111,'启辰',0),(112,'日产',0),(113,'荣威',0),(114,'瑞麒',0),(115,'斯柯达',0),(116,'三菱',0),(117,'双环',0),(118,'顺旅',0),(119,'Smart',0),(120,'双龙',0),(121,'萨博',0),(122,'斯巴鲁',0),(123,'三星',0),(124,'世爵',0),(125,'天马',0),(126,'通田',0),(127,'田野',0),(128,'塔菲克',0),(129,'沃尔沃',0),(130,'万丰',0),(131,'五菱',0),(132,'万通',0),(133,'五十铃',0),(134,'威麟',0),(135,'雪铁龙',0),(136,'现代',0),(137,'雪佛兰',0),(138,'新雅途',0),(139,'新大地',0),(140,'新凯',0),(141,'西雅特',0),(142,'星客特',0),(143,'依维柯',0),(144,'仪征',0),(145,'一汽',0),(146,'永源',0),(147,'英菲尼迪',0),(148,'云豹',0),(149,'云雀',0),(150,'野马',0),(151,'英伦',0),(152,'友谊客车',0),(153,'中兴',0),(154,'中华',0),(155,'中客华北',0),(156,'中顺',0),(157,'众泰',0),(158,'中欧',0),(159,'AC Schnitzer',0),(160,'保斐利',0),(161,'DS',0),(162,'恒天汽车',0),(163,'Faralli Mazzanti',0),(164,'卡尔森',0),(165,'威兹曼',0),(166,'绅宝',0),(167,'泰赫雅特',0),(168,'蓝海房车',0),(169,'摩根',0),(170,'扬州亚星客车',0),(171,'帕加尼',0),(172,'宇通',0),(173,'中通客车',0),(174,'如虎',0),(175,'陕汽通家',0),(176,'劳伦士',0),(177,'迈凯轮',0),(178,'广本',0);

#
# Structure for table "category"
#

DROP TABLE IF EXISTS `category`;
CREATE TABLE `category` (
  `id` int(11) NOT NULL AUTO_INCREMENT COMMENT 'ID',
  `name` varchar(30) NOT NULL DEFAULT '' COMMENT '配件类别名称',
  `status` int(3) DEFAULT '0' COMMENT '状态',
  PRIMARY KEY (`id`)
) ENGINE=InnoDB AUTO_INCREMENT=9 DEFAULT CHARSET=utf8 COMMENT='配件类别';

#
# Data for table "category"
#

INSERT INTO `category` VALUES (1,'导航',0),(2,'DVD',0),(3,'灯饰',0),(4,'机油滤芯',0),(5,'空调滤清器',0),(6,'火花塞',0),(7,'USB',0),(8,'方向盘',0);

#
# Structure for table "custom"
#

DROP TABLE IF EXISTS `custom`;
CREATE TABLE `custom` (
  `id` int(11) NOT NULL AUTO_INCREMENT COMMENT 'ID',
  `phone` varchar(30) DEFAULT NULL COMMENT '电话',
  `name` varchar(30) NOT NULL DEFAULT '' COMMENT '姓名',
  `sex` varchar(50) NOT NULL DEFAULT '' COMMENT '性别',
  `hiredate` timestamp NOT NULL DEFAULT CURRENT_TIMESTAMP ON UPDATE CURRENT_TIMESTAMP COMMENT '注册日期',
  `status` int(3) DEFAULT '0' COMMENT '状态',
  `info` varchar(255) DEFAULT NULL COMMENT '备注',
  PRIMARY KEY (`id`)
) ENGINE=InnoDB AUTO_INCREMENT=15 DEFAULT CHARSET=utf8;

#
# Data for table "custom"
#

INSERT INTO `custom` VALUES (7,'13087887889','张三','女','2017-05-16 12:00:07',0,''),(8,'13155557766','李四','男','2017-04-24 16:28:06',0,'老顾客'),(9,'12134241345','王五','女','2017-04-24 16:30:35',0,'新顾客'),(10,'13812345678','赵六','女','2017-05-16 11:16:43',1,NULL),(11,'13244556677','冯七','男','2017-04-24 16:51:53',0,NULL),(12,'1431345256567','马八','男','2017-04-24 16:55:42',0,NULL),(13,'13654548797','马吃草','男','2017-04-24 16:57:24',0,NULL),(14,'13078900987','牛慢慢','性别','2017-05-16 09:16:47',0,'我的朋友');

#
# Structure for table "emp"
#

DROP TABLE IF EXISTS `emp`;
CREATE TABLE `emp` (
  `Id` int(11) NOT NULL AUTO_INCREMENT,
  `name` varchar(15) DEFAULT NULL COMMENT '姓名',
  `sex` char(1) DEFAULT NULL COMMENT '性别',
  `no` varchar(18) DEFAULT NULL COMMENT '身份证号码',
  `phone` varchar(15) DEFAULT NULL COMMENT '电话号码',
  `addr` varchar(100) DEFAULT NULL COMMENT '住址',
  `hiredate` date DEFAULT NULL COMMENT '入职日期',
  `status` smallint(1) DEFAULT '0' COMMENT '状态',
  PRIMARY KEY (`Id`)
) ENGINE=InnoDB AUTO_INCREMENT=9 DEFAULT CHARSET=utf8 COMMENT='员工信息表';

#
# Data for table "emp"
#

INSERT INTO `emp` VALUES (1,'张三','男','130123456789898989','13080888110','海港区河北大街西段123号','2010-11-10',1),(2,'岳田田','女','232329198812145632','15941677760','山海关区渤海家园','2016-05-03',0),(3,'安卫超','男','132898989897676766','18342131778','北戴河区倚景家园','2015-11-11',0),(4,'张三','男','232326190008091234','13012345678','辽宁省锦州市','2017-05-16',1),(5,'李四','男','132302190001025678','13012345678','葫芦岛市','2017-05-16',1),(6,'张三丰','男','23232912345678234X','13012223434',NULL,NULL,1),(7,'李四','男','123456789100010101','13490908787',NULL,NULL,1),(8,'张三','男','122335452343241232','13912345654',NULL,NULL,1);

#
# Structure for table "factory"
#

DROP TABLE IF EXISTS `factory`;
CREATE TABLE `factory` (
  `id` int(11) NOT NULL AUTO_INCREMENT,
  `name` varchar(30) NOT NULL DEFAULT '' COMMENT '名称',
  `person` varchar(12) DEFAULT NULL COMMENT '联系人',
  `phone` varchar(30) DEFAULT NULL COMMENT '电话',
  `address` varchar(150) DEFAULT NULL COMMENT '地址',
  `status` int(11) DEFAULT '0' COMMENT '状态',
  `account` varchar(50) DEFAULT NULL COMMENT '账户',
  PRIMARY KEY (`id`)
) ENGINE=InnoDB AUTO_INCREMENT=8 DEFAULT CHARSET=utf8 COMMENT='供货商';

#
# Data for table "factory"
#

INSERT INTO `factory` VALUES (5,'濮阳光通汽配','吴光通','13033667788','濮阳市',0,'濮阳市工商银行14353451232131'),(6,'秦皇岛市腾飞股份有限公司','王琦','12333334447','河北省秦皇岛市',0,'秦皇岛市商业银行-123454873584323'),(7,'aaaab','aaaab','11111111111','锦州1',1,'淘宝2');

#
# Structure for table "component"
#

DROP TABLE IF EXISTS `component`;
CREATE TABLE `component` (
  `id` int(11) NOT NULL AUTO_INCREMENT COMMENT 'ID',
  `code` varchar(30) DEFAULT NULL COMMENT '编码',
  `name` varchar(30) NOT NULL DEFAULT '' COMMENT '名称',
  `price` float(7,2) DEFAULT NULL COMMENT '进价',
  `sale` float(7,2) DEFAULT NULL COMMENT '售价',
  `factory` varchar(50) DEFAULT NULL COMMENT '厂商',
  `status` int(3) DEFAULT '0' COMMENT '状态',
  `term` varchar(20) DEFAULT NULL COMMENT '保质期',
  `cid` int(11) DEFAULT NULL COMMENT '类别ID',
  `info` text COMMENT '备注',
  `fid` int(11) DEFAULT NULL COMMENT '供货商',
  `warning` int(5) DEFAULT '10' COMMENT '警告数量',
  PRIMARY KEY (`id`),
  KEY `FK_CATEGORY` (`cid`),
  KEY `FK_FACTORY` (`fid`),
  CONSTRAINT `FK_CATEGORY` FOREIGN KEY (`cid`) REFERENCES `category` (`id`),
  CONSTRAINT `FK_FACTORY` FOREIGN KEY (`fid`) REFERENCES `factory` (`id`)
) ENGINE=InnoDB AUTO_INCREMENT=18 DEFAULT CHARSET=utf8 COMMENT='车辆配件';

#
# Data for table "component"
#

INSERT INTO `component` VALUES (1,'12345','越野车射灯',18.00,36.00,'深圳某电子厂',0,'3年',3,NULL,5,5),(2,'12346','机油',10.00,20.00,'杭州某电子厂',0,'22',4,'aaaa',5,5),(3,'12347','火花塞',1.00,10.00,'杭州某电子厂',0,NULL,2,NULL,5,5),(4,'12348','喷油嘴',2.00,20.00,'杭州某电子厂',0,NULL,2,NULL,5,5),(5,'12349','节气门',3.00,30.00,'杭州某电子厂',1,NULL,3,NULL,5,5),(6,'12350','后视镜',4.00,40.00,'杭州某电子厂',1,NULL,2,NULL,5,5),(7,'12351','轮毂',5.00,50.00,'杭州某电子厂',0,NULL,3,NULL,5,5),(8,'12352','轮胎',6.00,60.00,'杭州某电子厂',0,NULL,2,NULL,5,5),(9,'12353','刹车片',7.00,70.00,'杭州某电子厂',0,NULL,2,NULL,5,5),(10,'12354','空调滤芯',8.00,80.00,'杭州某电子厂',0,NULL,2,NULL,5,5),(11,'12355','变速箱',9.00,90.00,'杭州某电子厂',0,NULL,3,NULL,6,5),(12,'12356','刹车总成',10.00,100.00,'杭州某电子厂',1,'36',3,NULL,5,5),(13,'12357','风挡玻璃',10.00,20.00,'杭州某电子厂',0,'22',4,'qqq',6,5),(14,'10001','导航',25.00,50.00,'深圳某电子厂',0,'24',6,NULL,5,5),(15,'54321','USB模块',10.00,30.00,'杭州某电子厂',1,'1年',7,NULL,6,5),(16,'1212','abab',0.00,0.00,'杭州某电子厂',1,'1年',7,NULL,5,5),(17,'3456','本田方向盘',100.00,300.00,'杭州某电子厂',0,'5年',8,NULL,6,5);

#
# Structure for table "instock"
#

DROP TABLE IF EXISTS `instock`;
CREATE TABLE `instock` (
  `id` int(11) NOT NULL AUTO_INCREMENT,
  `cid` int(11) DEFAULT NULL,
  `size` varchar(50) DEFAULT NULL,
  `price` float(7,2) DEFAULT NULL,
  `sale` float(7,2) DEFAULT NULL,
  `quantity` float(7,2) DEFAULT NULL,
  `indate` date DEFAULT NULL,
  `fid` int(11) DEFAULT NULL,
  `status` smallint(1) DEFAULT '0',
  PRIMARY KEY (`id`),
  KEY `FK_COMP_IN` (`cid`),
  KEY `FK_FACT_IN` (`fid`),
  CONSTRAINT `FK_COMP_IN` FOREIGN KEY (`cid`) REFERENCES `component` (`id`),
  CONSTRAINT `FK_FACT_IN` FOREIGN KEY (`fid`) REFERENCES `factory` (`id`)
) ENGINE=InnoDB AUTO_INCREMENT=20 DEFAULT CHARSET=utf8;

#
# Data for table "instock"
#

INSERT INTO `instock` VALUES (1,9,'迈腾15',7.00,70.00,100.00,'2017-05-01',5,0),(2,17,'30寸',100.00,300.00,50.00,'2017-05-02',6,0),(3,8,'大号',300.00,380.00,10.00,'2017-05-03',5,0),(4,14,'DZ-A1',25.00,50.00,11.00,'2017-05-04',5,0),(5,9,'迈腾15',7.00,70.00,100.00,'2017-05-05',5,0),(6,9,'迈腾15',7.00,70.00,100.00,'2017-05-06',5,0),(7,9,'迈腾15',7.00,70.00,100.00,'2017-05-07',5,0),(8,9,'迈腾15',7.00,70.00,100.00,'2017-05-08',5,0),(9,9,'迈腾15',7.00,70.00,100.00,'2017-05-09',5,0),(10,9,'迈腾15',7.00,70.00,100.00,'2017-05-09',5,0),(11,9,'迈腾15',7.00,70.00,100.00,'2017-05-09',5,0),(12,9,'迈腾15',7.00,70.00,100.00,'2017-05-10',5,0),(13,9,'迈腾15',7.00,70.00,100.00,'2017-05-11',5,0),(14,9,'迈腾15',7.00,70.00,100.00,'2017-05-12',5,0),(15,9,'迈腾15',7.00,70.00,100.00,'2017-05-13',5,0),(16,9,'迈腾15',7.00,70.00,100.00,'2017-05-14',5,0),(17,9,'迈腾15',7.00,70.00,100.00,'2017-05-15',5,0),(18,9,'迈腾15',7.00,70.00,100.00,'2017-05-16',5,1),(19,17,NULL,100.00,300.00,10.00,'2017-05-23',6,1);

#
# Structure for table "log"
#

DROP TABLE IF EXISTS `log`;
CREATE TABLE `log` (
  `Id` int(11) NOT NULL AUTO_INCREMENT,
  `logdate` timestamp NULL DEFAULT NULL COMMENT '时间',
  `addr` varchar(30) DEFAULT NULL COMMENT 'IP',
  `username` varchar(30) DEFAULT NULL COMMENT '用户名',
  `outdate` timestamp NULL DEFAULT NULL,
  PRIMARY KEY (`Id`)
) ENGINE=InnoDB DEFAULT CHARSET=utf8 COMMENT='日志';

#
# Data for table "log"
#


#
# Structure for table "record"
#

DROP TABLE IF EXISTS `record`;
CREATE TABLE `record` (
  `id` int(11) NOT NULL AUTO_INCREMENT,
  `cid` int(11) DEFAULT NULL COMMENT '车辆ID',
  `hmoney` float(7,2) DEFAULT NULL COMMENT '工时费',
  `ymoney` float(7,2) DEFAULT NULL COMMENT '应收',
  `smoney` float(7,2) DEFAULT NULL COMMENT '实收',
  `money` float(7,2) DEFAULT NULL COMMENT '毛利',
  `pay` varchar(15) DEFAULT NULL COMMENT '支付方式',
  `mdate` timestamp NOT NULL DEFAULT CURRENT_TIMESTAMP ON UPDATE CURRENT_TIMESTAMP COMMENT '维修日期',
  `info` text COMMENT '备注',
  `emp` int(11) DEFAULT NULL COMMENT '维修人',
  `status` int(3) DEFAULT '0' COMMENT '状态',
  PRIMARY KEY (`id`),
  KEY `FK_Record_EMP` (`emp`),
  CONSTRAINT `FK_Record_EMP` FOREIGN KEY (`emp`) REFERENCES `emp` (`Id`)
) ENGINE=InnoDB AUTO_INCREMENT=26 DEFAULT CHARSET=utf8 COMMENT='维修记录';

#
# Data for table "record"
#

INSERT INTO `record` VALUES (1,2,100.00,1480.00,1480.00,700.00,'现金','2017-05-19 19:30:10','无',3,1),(2,3,10.00,590.00,590.00,290.00,'现金','2017-05-19 19:30:11','',3,1),(3,9,110.00,690.00,690.00,390.00,'现金','2017-05-19 19:30:11','',3,1),(4,10,60.00,640.00,640.00,340.00,'现金','2017-05-19 19:30:11','',3,1),(5,13,120.00,1315.00,1300.00,636.00,'现金','2017-05-19 19:30:12','',3,2),(6,15,0.00,0.00,1800.00,880.00,'现金','2017-05-19 19:30:12','',3,1),(7,15,0.00,0.00,1200.00,980.00,'现金','2017-05-19 19:30:12','',3,1),(8,9,0.00,0.00,1880.00,760.00,'现金','2017-05-19 19:30:13','',3,2),(21,2,100.00,1480.00,115.00,700.00,'现金','2017-05-19 19:30:13','无',3,1),(22,17,100.00,160.00,150.00,118.00,'现金','2017-05-19 19:30:14','',5,1),(23,19,100.00,550.00,550.00,360.00,'现金','2017-05-19 19:30:14','',3,1),(24,2,0.00,580.00,580.00,230.00,'现金','2017-05-19 19:30:35','',3,1),(25,1,0.00,200.00,200.00,100.00,'挂账','2017-05-19 00:00:00','',3,0);

#
# Structure for table "detail"
#

DROP TABLE IF EXISTS `detail`;
CREATE TABLE `detail` (
  `cid` int(11) NOT NULL DEFAULT '0' COMMENT '配件ID',
  `rid` int(11) NOT NULL DEFAULT '0' COMMENT '维修记录ID',
  `size` varchar(50) NOT NULL DEFAULT '' COMMENT '型号',
  `price` float(7,2) DEFAULT NULL COMMENT '进价',
  `sale` float(7,2) DEFAULT NULL COMMENT '售价',
  `quantity` float(7,2) DEFAULT NULL COMMENT '数量',
  `status` int(3) DEFAULT '0' COMMENT '状态',
  PRIMARY KEY (`cid`,`rid`,`size`),
  KEY `FK_RECORD` (`rid`),
  CONSTRAINT `FK_COMPONENT` FOREIGN KEY (`cid`) REFERENCES `component` (`id`),
  CONSTRAINT `FK_RECORD` FOREIGN KEY (`rid`) REFERENCES `record` (`id`)
) ENGINE=InnoDB DEFAULT CHARSET=utf8 COMMENT='维修配件详情';

#
# Data for table "detail"
#

INSERT INTO `detail` VALUES (1,5,'大众A01',88.00,120.00,1.00,0),(1,5,'大众A02',66.00,115.00,1.00,0),(1,8,'大众A01',88.00,120.00,1.00,0),(2,23,'2升',90.00,150.00,1.00,0),(9,1,'迈腾15',300.00,580.00,1.00,0),(9,1,'速腾09',350.00,600.00,2.00,0),(9,3,'迈腾15',300.00,580.00,1.00,0),(9,4,'迈腾15',300.00,580.00,1.00,0),(9,5,'速腾09',350.00,600.00,1.00,0),(9,24,'速腾09',350.00,580.00,1.00,0),(12,2,'速腾09',80.00,180.00,1.00,0),(12,5,'速腾09',80.00,180.00,2.00,0),(14,22,'DZ-A2',32.00,60.00,1.00,0),(17,23,'本田雅阁方向盘',100.00,300.00,1.00,0),(17,25,'本田雅阁方向盘',100.00,200.00,1.00,0);

#
# Structure for table "size"
#

DROP TABLE IF EXISTS `size`;
CREATE TABLE `size` (
  `id` int(11) NOT NULL AUTO_INCREMENT COMMENT 'ID',
  `name` varchar(30) NOT NULL DEFAULT '' COMMENT '型号',
  `bid` int(11) DEFAULT NULL COMMENT '品牌ID',
  `status` int(3) DEFAULT '0' COMMENT '状态',
  PRIMARY KEY (`id`),
  KEY `FK_BRAND` (`bid`),
  CONSTRAINT `FK_BRAND` FOREIGN KEY (`bid`) REFERENCES `brand` (`id`)
) ENGINE=InnoDB AUTO_INCREMENT=1477 DEFAULT CHARSET=utf8 COMMENT='车辆型号';

#
# Data for table "size"
#

INSERT INTO `size` VALUES (1,'奥迪A1(进口)',1,0),(2,'奥迪A3(进口)',1,0),(3,'奥迪A4(进口)',1,0),(4,'奥迪A5(进口)',1,0),(5,'奥迪A6(进口)',1,0),(6,'奥迪A7(进口)',1,0),(7,'奥迪A8L(进口)',1,0),(8,'奥迪Allroad quattro(进口)',1,0),(9,'奥迪Q5(进口)',1,0),(10,'奥迪Q7(进口)',1,0),(11,'奥迪R8(进口)',1,0),(12,'奥迪S4',1,0),(13,'奥迪S5(进口)',1,0),(14,'奥迪S8(进口)',1,0),(15,'奥迪TT(进口)',1,0),(16,'奥迪100',1,0),(17,'奥迪200',1,0),(18,'奥迪A4',1,0),(19,'奥迪A4L',1,0),(20,'奥迪A6L',1,0),(21,'奥迪Q5',1,0),(22,'原动力',NULL,0),(23,'朗杰',NULL,0),(24,'瑞途',NULL,0),(25,'阿尔法156(进口)',NULL,0),(26,'阿尔法166(进口)',NULL,0),(27,'阿尔法罗米欧Gtv(进口)',NULL,0),(28,'DB7',NULL,0),(29,'ONE-77(进口)',NULL,0),(30,'Rapide(进口)',NULL,0),(31,'V12 Vantage(进口)',NULL,0),(32,'V8 Vantage(进口)',NULL,0),(33,'Virage',NULL,0),(34,'阿斯顿马丁DB9(进口)',NULL,0),(35,'阿斯顿马丁DBS(进口)',NULL,0),(36,'CLS级(进口)',5,0),(37,'E级双门轿跑车(进口)',5,0),(38,'SLK级(进口)',5,0),(39,'SLR',5,0),(40,'凌特(进口)',5,0),(41,'唯雅诺(进口)',5,0),(42,'奔驰AMG车系(进口)',5,0),(43,'奔驰A级(进口)',5,0),(44,'奔驰B级(进口)',5,0),(45,'奔驰CLK(进口)',5,0),(46,'奔驰CL系列(进口)',5,0),(47,'奔驰C级(进口)',5,0),(48,'奔驰E级(进口)',5,0),(49,'奔驰GLK级(进口)',5,0),(50,'奔驰GL级(进口)',5,0),(51,'奔驰G级(进口)',5,0),(52,'奔驰M级(进口)',5,0),(53,'奔驰R级(进口)',5,0),(54,'奔驰SEL',5,0),(55,'奔驰SL级(进口)',5,0),(56,'奔驰S级(进口)',5,0),(57,'奔驰房车(进口)',5,0),(58,'威霆(进口)',5,0),(59,'马可波罗',NULL,0),(60,'北京奔驰GLK级',NULL,0),(61,'奔驰C级',NULL,0),(62,'奔驰E级',NULL,0),(63,'凌特',NULL,0),(64,'唯雅诺',NULL,0),(65,'威霆',NULL,0),(66,'Z3',6,0),(67,'Z8',6,0),(68,'宝马1系(进口)',6,0),(69,'宝马3系(进口)',6,0),(70,'宝马5系(进口)',6,0),(71,'宝马5系GT(进口)',6,0),(72,'宝马6系(进口)',6,0),(73,'宝马7系(进口)',6,0),(74,'宝马M系(进口)',6,0),(75,'宝马X1(进口)',6,0),(76,'宝马X3(进口)',6,0),(77,'宝马X5(进口)',6,0),(78,'宝马X6(进口)',6,1),(79,'宝马Z4(进口)',6,0),(80,'华晨宝马X1',6,0),(81,'宝马3系',6,0),(82,'宝马5系',6,0),(83,'标致206',7,0),(87,'标致3008(进口)',7,0),(88,'标致307',7,0),(93,'标致4008',7,0),(95,'标致406(进口)',7,0),(98,'标致407(进口)',7,0),(99,'标致607(进口)',7,0),(100,'标致807(进口)',7,0),(101,'标致RCZ(进口)',7,0),(102,'标致308',7,0),(103,'标致408',7,0),(104,'标致508',7,0),(105,'标致207三厢',7,0),(106,'标致207两厢',7,0),(107,'标致307三厢',7,0),(108,'标致307两厢',7,0),(109,'广州标致',7,0),(110,'勇士',NULL,0),(111,'北汽212系列',NULL,0),(112,'北汽骑士',NULL,0),(113,'域胜007',NULL,0),(114,'战旗2023',NULL,0),(115,'战旗2024',NULL,0),(116,'新城市猎人',NULL,0),(117,'旋风',NULL,0),(118,'角斗士',NULL,0),(119,'陆铃',NULL,0),(120,'陆霸',NULL,0),(121,'雷驰',NULL,0),(122,'比亚迪E6',NULL,0),(123,'比亚迪F0',NULL,0),(124,'比亚迪F3',NULL,0),(125,'比亚迪F3DM',NULL,0),(126,'比亚迪F3R',NULL,0),(127,'比亚迪F6',NULL,0),(128,'比亚迪G3',NULL,0),(129,'比亚迪G3R',NULL,0),(130,'比亚迪G6',NULL,0),(131,'比亚迪L3',NULL,0),(132,'比亚迪M6',NULL,0),(133,'比亚迪S6',NULL,0),(134,'比亚迪S8',NULL,0),(135,'福莱尔',NULL,0),(136,'艾力绅',NULL,0),(137,'东风本田CR-V',NULL,0),(138,'思铂睿',NULL,0),(139,'思铭',NULL,0),(140,'思域',NULL,0),(141,'奥德赛',NULL,0),(142,'飞度',NULL,0),(143,'锋范',NULL,0),(144,'歌诗图',NULL,0),(145,'思迪',NULL,0),(146,'雅阁',NULL,0),(147,'本田CR-V(进口)',NULL,0),(148,'本田阿柯德(进口)',NULL,0),(149,'本田奥德赛(进口)',NULL,0),(150,'本田时韵(进口)',NULL,0),(151,'本田思域(进口)',NULL,0),(152,'本田雅阁(进口)',NULL,0),(153,'本田元素(进口)',NULL,0),(154,'里程(海外)',NULL,0),(155,'奔腾B50',NULL,0),(156,'奔腾B70',NULL,0),(157,'天马座',NULL,0),(158,'菱惠',NULL,0),(159,'菱骏',NULL,0),(160,'菱麒',NULL,0),(161,'霸道',NULL,0),(162,'panamera(进口)',NULL,0),(163,'保时捷911(进口)',NULL,0),(164,'保时捷918',NULL,0),(165,'保时捷Boxster(进口)',NULL,0),(166,'保时捷Cayenne(进口)',NULL,0),(167,'保时捷Cayman(进口)',NULL,0),(168,'宾利Arnage(进口)',NULL,0),(169,'慕尚(海外)',NULL,0),(170,'欧陆(进口)',NULL,0),(171,'雅骏(进口)',NULL,0),(172,'世纪',NULL,0),(173,'昂科雷(进口)',NULL,0),(174,'林荫大道',NULL,0),(175,'凯越',NULL,0),(176,'凯越HRV',NULL,0),(177,'凯越旅行车',NULL,0),(178,'别克',NULL,0),(179,'别克GL8',NULL,0),(180,'君威',NULL,0),(181,'君越',NULL,0),(182,'英朗GT',NULL,0),(183,'英朗XT',NULL,0),(184,'荣御',NULL,0),(185,'赛欧',NULL,0),(186,'威航(进口)',NULL,0),(187,'乐驰',NULL,0),(188,'宝骏630',NULL,0),(189,'E系列',NULL,0),(190,'北汽威旺306',NULL,0),(191,'BRABUS巴博斯 CLS级',NULL,0),(192,'BRABUS巴博斯 C级',NULL,0),(193,'BRABUS巴博斯 G级',NULL,0),(194,'BRABUS巴博斯 ML级',NULL,0),(195,'BRABUS巴博斯 S级',NULL,0),(196,'长城C20R',NULL,0),(197,'长城C30',NULL,0),(198,'长城C50',NULL,0),(199,'长城V80',NULL,0),(200,'长城精灵',NULL,0),(201,'大脚兽',NULL,0),(202,'迪尔',NULL,0),(203,'风骏3',NULL,0),(204,'风骏5',NULL,0),(205,'长城H3',NULL,0),(206,'哈弗H5',NULL,0),(207,'哈弗H6',NULL,0),(208,'哈弗M1',NULL,0),(209,'哈弗M2',NULL,0),(210,'哈弗M4',NULL,0),(211,'哈弗派',NULL,0),(212,'金迪尔',NULL,0),(213,'酷熊',NULL,0),(214,'凌傲',NULL,0),(215,'赛弗SUV',NULL,0),(216,'赛骏',NULL,0),(217,'赛酷皮卡',NULL,0),(218,'赛铃皮卡',NULL,0),(219,'赛影RUV',NULL,0),(220,'炫丽',NULL,0),(221,'炫丽CROSS',NULL,0),(222,'昌河微型货车',NULL,0),(223,'昌河新单双排',NULL,0),(224,'昌河骏马',NULL,0),(225,'昌铃王',NULL,0),(226,'海豚',NULL,0),(227,'海象',NULL,0),(228,'爱迪尔',NULL,0),(229,'爱迪尔Ⅱ',NULL,0),(230,'福瑞达',NULL,0),(231,'福运',NULL,0),(232,'奔奔',NULL,0),(233,'奔奔MINI',NULL,0),(234,'志翔',NULL,0),(235,'悦翔',NULL,0),(236,'悦翔两厢',NULL,0),(237,'杰勋',NULL,0),(238,'逸动',NULL,0),(239,'长安CX20',NULL,0),(240,'长安CX30三厢',NULL,0),(241,'长安CX30两厢',NULL,0),(242,'奇兵',NULL,0),(243,'猎豹CFA2030',NULL,0),(244,'猎豹CFA6473系列',NULL,0),(245,'猎豹CJY6470',NULL,0),(246,'猎豹CS6',NULL,0),(247,'长丰猎豹CS7',NULL,0),(248,'飞腾',NULL,0),(249,'骐菱',NULL,0),(250,'黑金刚',NULL,0),(251,'猎豹CT5',NULL,0),(252,'玉麒麟',NULL,0),(253,'福铃皮卡',NULL,0),(254,'金麒麟',NULL,0),(255,'长丰DUV',NULL,0),(256,'飞扬SUV',NULL,0),(257,'飞扬皮卡',NULL,0),(258,'飞铃SUV',NULL,0),(259,'飞铃皮卡',NULL,0),(260,'勋龙',NULL,0),(261,'金牛星',NULL,0),(262,'长安CM8',NULL,0),(263,'长安之星',NULL,0),(264,'长安之星2',NULL,0),(265,'长安小卡',NULL,0),(266,'长安星光',NULL,0),(267,'长安星光4500',NULL,0),(268,'长安星卡',NULL,0),(269,'长安星韵',NULL,0),(270,'长安欧诺',NULL,0),(271,'长安运通',NULL,0),(272,'长安镭蒙',NULL,0),(273,'长安雪虎',NULL,0),(274,'PASSAT(进口)',NULL,0),(275,'Tiguan(进口)',NULL,0),(276,'夏朗(进口)',NULL,0),(277,'大众 R36(进口)',NULL,0),(278,'大众CC(进口)',NULL,0),(279,'大众Eos(进口)',NULL,0),(280,'大众Multivan(进口)',NULL,0),(281,'尚酷(进口)',NULL,0),(282,'甲壳虫(进口)',NULL,0),(283,'辉腾(进口)',NULL,0),(284,'迈腾(进口)',NULL,0),(285,'途锐(进口)',NULL,0),(286,'高尔夫(进口)',NULL,0),(287,'高尔夫GTI(进口)',NULL,0),(288,'一汽-大众CC',NULL,0),(289,'宝来',NULL,0),(290,'宝来两厢',NULL,0),(291,'开迪',NULL,0),(292,'捷达',NULL,0),(293,'迈腾',NULL,0),(294,'速腾',NULL,0),(295,'高尔夫',NULL,0),(296,'高尔夫GTI',NULL,0),(297,'CrossPOLO',NULL,0),(298,'POLO',NULL,0),(299,'POLO劲取',NULL,0),(300,'POLO劲情',NULL,0),(301,'帕萨特',NULL,0),(302,'帕萨特领驭',NULL,0),(303,'朗逸',NULL,0),(304,'桑塔纳',NULL,0),(305,'桑塔纳2000',NULL,0),(306,'桑塔纳3000',NULL,0),(307,'桑塔纳志俊',NULL,0),(308,'途安',NULL,0),(309,'途观',NULL,0),(310,'高尔',NULL,0),(311,'东风小王子',NULL,0),(312,'桑蒂雅',NULL,0),(313,'东风小康C37',NULL,0),(314,'东风小康K01',NULL,0),(315,'东风小康K02',NULL,0),(316,'东风小康K06',NULL,0),(317,'东风小康K07',NULL,0),(318,'东风小康K07Ⅱ',NULL,0),(319,'东风小康K17',NULL,0),(320,'东风小康V07s',NULL,0),(321,'东风小康V21',NULL,0),(322,'东风小康V22',NULL,0),(323,'东风小康V27',NULL,0),(324,'东风小康V29',NULL,0),(325,'V3菱悦',NULL,0),(326,'富利卡',NULL,0),(327,'希旺',NULL,0),(328,'得利卡',NULL,0),(329,'菱利',NULL,0),(330,'菱帅',NULL,0),(331,'奥顺皮卡',NULL,0),(332,'霸道SUV',NULL,0),(333,'大迪皮卡',NULL,0),(334,'都市骏马SUV',NULL,0),(335,'都市威菱SUV',NULL,0),(336,'福顺皮卡',NULL,0),(337,'豪顺皮卡',NULL,0),(338,'顺驰皮卡',NULL,0),(339,'雅宝',NULL,0),(340,'大宇典雅(进口)',NULL,0),(341,'大宇贵族2000型(进口)',NULL,0),(342,'大宇蓝龙(进口)',NULL,0),(343,'大宇蓝天(爱斯皮罗)(进口)',NULL,0),(344,'大宇旅行家(进口)',NULL,0),(345,'大宇赛手(雷瑟)(进口)',NULL,0),(346,'大宇王子(进口)',NULL,0),(347,'马蒂兹',NULL,0),(348,'公羊(进口)',NULL,0),(349,'凯领(进口)',NULL,0),(350,'拓荒者(进口)',NULL,0),(351,'翼龙(进口)',NULL,0),(352,'酷威(进口)',NULL,0),(353,'酷搏(进口)',NULL,0),(354,'锋哲(进口)',NULL,0),(355,'凯领',NULL,0),(356,'景逸',NULL,0),(357,'景逸SUV',NULL,0),(358,'菱智',NULL,0),(359,'H30 Cross',NULL,0),(360,'风神A60',NULL,0),(361,'风神H30',NULL,0),(362,'风神S30三厢',NULL,0),(363,'帝豪EC7',NULL,0),(364,'帝豪EC7-RV',NULL,0),(365,'帝豪EC8',NULL,0),(366,'MAXUS V80',NULL,0),(367,'MAXUS V80改装车',NULL,0),(368,'汉兰达',NULL,0),(369,'凯美瑞',NULL,0),(370,'凯美瑞Hybrid',NULL,0),(371,'雅力士',NULL,0),(372,'逸致',NULL,0),(373,'花冠',NULL,0),(374,'皇冠',NULL,0),(375,'卡罗拉',NULL,0),(376,'柯斯达',NULL,0),(377,'兰德酷路泽',NULL,0),(378,'陆地巡洋舰',NULL,0),(379,'普拉多',NULL,0),(380,'普锐斯',NULL,0),(381,'锐志',NULL,0),(382,'特锐',NULL,0),(383,'威驰',NULL,0),(384,'一汽丰田RAV4',NULL,0),(385,'4Runner',NULL,0),(386,'FJ酷路泽(进口)',NULL,0),(387,'Sienna(海外)',NULL,0),(388,'埃尔法(进口)',NULL,0),(389,'丰田MR2(进口)',NULL,0),(390,'丰田RAV4(进口)',NULL,0),(391,'丰田Venza(进口)',NULL,0),(392,'丰田Wish',NULL,0),(393,'丰田海狮(进口)',NULL,0),(394,'丰田汉兰达(进口)',NULL,0),(395,'丰田皇冠(进口)',NULL,0),(396,'丰田佳美(进口)',NULL,0),(397,'丰田皮卡(进口)',NULL,0),(398,'丰田赛利卡(进口)',NULL,0),(399,'丰田亚洲龙(进口)',NULL,0),(400,'海拉克斯(进口)',NULL,0),(401,'红杉(进口)',NULL,0),(402,'花冠(进口)',NULL,0),(403,'杰路驰(进口)',NULL,0),(404,'考斯特(进口)',NULL,0),(405,'陆地巡洋舰(进口)',NULL,0),(406,'普拉多(进口)',NULL,0),(407,'普瑞维亚(进口)',NULL,0),(408,'Flex(海外)',NULL,0),(409,'F系列',NULL,0),(410,'水星',NULL,0),(411,'福特E系列(进口)',NULL,0),(412,'福特外交官(进口)',NULL,0),(413,'福特天霸(进口)',NULL,0),(414,'福特探索者(进口)',NULL,0),(415,'稳达',NULL,0),(416,'翼虎(进口)',NULL,0),(417,'蒙迪欧',NULL,0),(418,'野马(进口)',NULL,0),(419,'金牛座',NULL,0),(420,'锐界(进口)',NULL,0),(421,'嘉年华三厢',NULL,0),(422,'嘉年华两厢',NULL,0),(423,'福克斯三厢',NULL,0),(424,'福克斯两厢',NULL,0),(425,'蒙迪欧-致胜',NULL,0),(426,'麦柯斯',NULL,0),(427,'海酷(进口)',NULL,0),(428,'博悦(进口)',NULL,0),(429,'多能',NULL,0),(430,'德特乐福斯(进口)',NULL,0),(431,'朋多(进口)',NULL,0),(432,'柯罗马(进口)',NULL,0),(433,'菲亚特500(进口)',NULL,0),(434,'菲亚特Doblo(进口)',NULL,0),(435,'菲亚特Stilo(进口)',NULL,0),(436,'菲亚特乌诺(Uno)(进口)',NULL,0),(437,'菲跃(进口)',NULL,0),(438,'领雅(进口)',NULL,0),(439,'马力昂',NULL,0),(440,'马力昂 旅行车',NULL,0),(441,'周末风',NULL,0),(442,'派力奥',NULL,0),(443,'派朗',NULL,0),(444,'西耶那',NULL,0),(445,'富奇',NULL,0),(446,'海马柯',NULL,0),(447,'财富',NULL,0),(448,'驭虎',NULL,0),(449,'探索者Ⅱ',NULL,0),(450,'探索者Ⅲ',NULL,0),(451,'探索者6',NULL,0),(452,'探索者I',NULL,0),(453,'福迪1021皮卡',NULL,0),(454,'福迪四驱皮卡',NULL,0),(455,'福迪小超人皮卡',NULL,0),(456,'福迪雄狮皮卡',NULL,0),(457,'飞越SRV',NULL,0),(458,'360 Modena(进口)',NULL,0),(459,'575M Maranello(进口)',NULL,0),(460,'612 Scaglietti(进口)',NULL,0),(461,'California(进口)',NULL,0),(462,'法拉利456M(进口)',NULL,0),(463,'法拉利458(进口)',NULL,0),(464,'法拉利599(进口)',NULL,0),(465,'法拉利F430(进口)',NULL,0),(466,'专用客车',NULL,0),(467,'公路客运',NULL,0),(468,'旅游客车',NULL,0),(469,'传奇X',NULL,0),(470,'奥铃',NULL,0),(471,'拓陆者',NULL,0),(472,'欧曼',NULL,0),(473,'欧马可',NULL,0),(474,'海狮',NULL,0),(475,'萨普',NULL,0),(476,'蒙派克',NULL,0),(477,'迷迪',NULL,0),(478,'风景冲浪',NULL,0),(479,'风景厢货',NULL,0),(480,'风景快客',NULL,0),(481,'风景快捷',NULL,0),(482,'风景快运',NULL,0),(483,'风景爱尔法',NULL,0),(484,'陆陆威威',NULL,0),(485,'伊美',NULL,0),(486,'凯睿',NULL,0),(487,'吉奥GS50',NULL,0),(488,'吉奥GX6',NULL,0),(489,'奥轩G3',NULL,0),(490,'奥轩G5',NULL,0),(491,'奥轩GX5',NULL,0),(492,'帅凌',NULL,0),(493,'帅威',NULL,0),(494,'帅舰',NULL,0),(495,'帅豹',NULL,0),(496,'帅驰',NULL,0),(497,'星旺',NULL,0),(498,'星福',NULL,0),(499,'柴神',NULL,0),(500,'猛将旅',NULL,0),(501,'财运100',NULL,0),(502,'财运300',NULL,0),(503,'财运500',NULL,0),(504,'GMC(进口)',NULL,0),(505,'大蛇(进口)',NULL,0),(506,'嘉路(进口)',NULL,0),(507,'女王(进口)',NULL,0),(508,'270Y系列',NULL,0),(509,'300J系列',NULL,0),(510,'320D系列',NULL,0),(511,'传祺GA5',NULL,0),(512,'传祺GS5',NULL,0),(513,'百利',NULL,0),(514,'哈飞单双排',NULL,0),(515,'骏意',NULL,0),(516,'路宝',NULL,0),(517,'路尊大霸王',NULL,0),(518,'路尊小霸王',NULL,0),(519,'民意',NULL,0),(520,'民意M408',NULL,0),(521,'民意一排半',NULL,0),(522,'普面',NULL,0),(523,'锐意',NULL,0),(524,'赛豹Ⅲ',NULL,0),(525,'赛豹V系',NULL,0),(526,'赛马',NULL,0),(527,'松花江',NULL,0),(528,'新民意',NULL,0),(529,'新中意',NULL,0),(530,'中意',NULL,0),(531,'丘比特',NULL,0),(532,'普力马',NULL,0),(533,'欢动',NULL,0),(534,'海南马自达323',NULL,0),(535,'海福星',NULL,0),(536,'海马3',NULL,0),(537,'海马旅行轿',NULL,0),(538,'海马骑士',NULL,0),(539,'福美来',NULL,0),(540,'福美来VS',NULL,0),(541,'M203',NULL,0),(542,'朗风',NULL,0),(543,'杰士达美鹿',NULL,0),(544,'海域',NULL,0),(545,'海尚',NULL,0),(546,'海悦',NULL,0),(547,'海炫',NULL,0),(548,'海迅',NULL,0),(549,'海锋',NULL,0),(550,'飚风',NULL,0),(551,'伊思坦纳',NULL,0),(552,'德驰',NULL,0),(553,'翱龙',NULL,0),(554,'翱龙CUV',NULL,0),(555,'翱龙SUV',NULL,0),(556,'傲骏',NULL,0),(557,'傲羚',NULL,0),(558,'傲龙CUV',NULL,0),(559,'大柴神',NULL,0),(560,'法萨特ncv',NULL,0),(561,'领航者',NULL,0),(562,'旗胜CUV',NULL,0),(563,'旗胜F1',NULL,0),(564,'旗胜V3',NULL,0),(565,'曙光骄子',NULL,0),(566,'挑战者',NULL,0),(567,'小柴神',NULL,0),(568,'征服者',NULL,0),(569,'世纪星',NULL,0),(570,'明仕',NULL,0),(571,'红旗',NULL,0),(572,'红旗旗舰',NULL,0),(573,'红旗盛世',NULL,0),(574,'金刚海狮',NULL,0),(575,'悍马H2(进口)',NULL,0),(576,'悍马H200(进口)',NULL,0),(577,'悍马H3(进口)',NULL,0),(578,'悍马H600(进口)',NULL,0),(579,'悍马悍霸',NULL,0),(580,'悍马加长版(进口)',NULL,0),(581,'勇士悍马',NULL,0),(582,'华泰B11',NULL,0),(583,'吉田',NULL,0),(584,'圣达菲',NULL,0),(585,'宝利格',NULL,0),(586,'特拉卡',NULL,0),(587,'轻型客车',NULL,0),(588,'黑豹',NULL,0),(589,'黑豹轿卡',NULL,0),(590,'旅行家',NULL,0),(591,'华阳客车',NULL,0),(592,'爱尚',NULL,0),(593,'福仕达',NULL,0),(594,'海马王子',NULL,0),(595,'腾达',NULL,0),(596,'新鸿达',NULL,0),(597,'客卡',NULL,0),(598,'新大海狮',NULL,0),(599,'轻客系列',NULL,0),(600,'高大海狮',NULL,0),(601,'Jeep2500',NULL,0),(602,'大切诺基',NULL,0),(603,'切诺基',NULL,0),(604,'大切诺基(进口)',NULL,0),(605,'牧马人(进口)',NULL,0),(606,'切诺基(进口)',NULL,0),(607,'指挥官(进口)',NULL,0),(608,'指南者(进口)',NULL,0),(609,'自由客(进口)',NULL,0),(610,'自由人(进口)',NULL,0),(611,'中国龙',NULL,0),(612,'优利欧',NULL,0),(613,'美人豹',NULL,0),(614,'美日之星',NULL,0),(615,'豪情',NULL,0),(616,'同悦',NULL,0),(617,'同悦RS',NULL,0),(618,'和悦',NULL,0),(619,'和悦RS',NULL,0),(620,'宾悦',NULL,0),(621,'悦悦',NULL,0),(622,'星锐',NULL,0),(623,'瑞铃',NULL,0),(624,'瑞风',NULL,0),(625,'瑞风II',NULL,0),(626,'瑞风改装车',NULL,0),(627,'瑞鹰',NULL,0),(628,'凌铃',NULL,0),(629,'单排皮卡',NULL,0),(630,'威豹',NULL,0),(631,'安驰',NULL,0),(632,'微轿',NULL,0),(633,'杰豹',NULL,0),(634,'瑞驰',NULL,0),(635,'金牛',NULL,0),(636,'雪豹X50',NULL,0),(637,'雪豹X80',NULL,0),(638,'宝斯通',NULL,0),(639,'五十铃轻卡',NULL,0),(640,'凯威',NULL,0),(641,'凯运',NULL,0),(642,'凯锐',NULL,0),(643,'宝典',NULL,0),(644,'宝威',NULL,0),(645,'福特新世代全顺',NULL,0),(646,'经典全顺',NULL,0),(647,'顺达',NULL,0),(648,'驭胜',NULL,0),(649,'传奇',NULL,0),(650,'奥拓经典',NULL,0),(651,'江南精灵',NULL,0),(652,'风光',NULL,0),(653,'华晨金杯S50',NULL,0),(654,'大海狮',NULL,0),(655,'智尚S30',NULL,0),(656,'海星',NULL,0),(657,'海狮第6代',NULL,0),(658,'第三代阁瑞斯',NULL,0),(659,'西部大力神',NULL,0),(660,'金典',NULL,0),(661,'阁瑞斯',NULL,0),(662,'雷龙',NULL,0),(663,'金龙海狮',NULL,0),(664,'赛风',NULL,0),(665,'金程SUV',NULL,0),(666,'金程之星',NULL,0),(667,'金程军警装备车',NULL,0),(668,'金程轻客',NULL,0),(669,'X',NULL,0),(670,'捷豹S-TYPE(进口)',NULL,0),(671,'捷豹XF(进口)',NULL,0),(672,'捷豹XFR(进口)',NULL,0),(673,'捷豹XJ(进口)',NULL,0),(674,'捷豹XK(进口)',NULL,0),(675,'捷豹XKR(进口)',NULL,0),(676,'美鹿',NULL,0),(677,'轻骑农用车',NULL,0),(678,'九龙专用车',NULL,0),(679,'九龙商务车',NULL,0),(680,'九龙考斯特',NULL,0),(681,'考斯特',NULL,0),(682,'俊风CV03',NULL,0),(683,'PT漫步者(进口)',NULL,0),(684,'克莱斯勒300C(进口)',NULL,0),(685,'克莱斯勒300M(进口)',NULL,0),(686,'克莱斯勒交叉火力(进口)',NULL,0),(687,'克莱斯勒君王(进口)',NULL,0),(688,'克莱斯勒大捷龙(进口)',NULL,0),(689,'克莱斯勒太阳舞(进口)',NULL,0),(690,'克莱斯勒彩虹(进口)',NULL,0),(691,'城乡(进口)',NULL,0),(692,'蝰蛇',NULL,0),(693,'赛百灵(进口)',NULL,0),(694,'辉煌(进口)',NULL,0),(695,'大捷龙',NULL,0),(696,'克莱斯勒300C',NULL,0),(697,'铂锐',NULL,0),(698,'CTS COUPE(进口)',NULL,0),(699,'伍德',NULL,0),(700,'凯迪拉克CTS(进口)',NULL,0),(701,'凯迪拉克CTS-V(进口)',NULL,0),(702,'凯迪拉克DTS(进口)',NULL,0),(703,'凯迪拉克SRX(进口)',NULL,0),(704,'凯迪拉克XLR(进口)',NULL,0),(705,'凯迪拉克加长版(进口)',NULL,0),(706,'凯迪拉克帝威(进口)',NULL,0),(707,'凯雷德 Hybrid(进口)',NULL,0),(708,'凯雷德(进口)',NULL,0),(709,'凯雷德外交官(进口)',NULL,0),(710,'赛威(进口)',NULL,0),(711,'凯迪拉克CTS',NULL,0),(712,'凯迪拉克SRX',NULL,0),(713,'赛威',NULL,0),(714,'柯尼赛格CCR(进口)',NULL,0),(715,'优劲',NULL,0),(716,'优派',NULL,0),(717,'优翼',NULL,0),(718,'优胜',NULL,0),(719,'开瑞3',NULL,0),(720,'开瑞优优',NULL,0),(721,'开瑞优雅',NULL,0),(722,'凯泽西(进口)',NULL,0),(723,'吉姆尼(进口)',NULL,0),(724,'快捷(进口)',NULL,0),(725,'超级维特拉(进口)',NULL,0),(726,'利亚纳三厢',NULL,0),(727,'利亚纳两厢',NULL,0),(728,'北斗星',NULL,0),(729,'派喜',NULL,0),(730,'浪迪',NULL,0),(731,'西安奥拓',NULL,0),(732,'天语SX4三厢',NULL,0),(733,'天语SX4两厢',NULL,0),(734,'天语SX4尚悦',NULL,0),(735,'天语SX4锐骑',NULL,0),(736,'奥拓',NULL,0),(737,'羚羊',NULL,0),(738,'雨燕',NULL,0),(739,'陆风X6',NULL,0),(740,'陆风X8',NULL,0),(741,'陆风X9',NULL,0),(742,'陆风新饰界',NULL,0),(743,'陆风风华',NULL,0),(744,'陆风风尚',NULL,0),(745,'丰顺',NULL,0),(746,'力帆320',NULL,0),(747,'力帆520',NULL,0),(748,'力帆520i',NULL,0),(749,'力帆620',NULL,0),(750,'力帆X60',NULL,0),(751,'兴顺',NULL,0),(752,'Silver spirit',NULL,0),(753,'古思特(进口)',NULL,0),(754,'幻影(进口)',NULL,0),(755,'银色天使(进口)',NULL,0),(756,'Esprit',NULL,0),(757,'Exige',NULL,0),(758,'莲花Elise(进口)',NULL,0),(759,'盖拉多(进口)',NULL,0),(760,'蝙蝠(进口)',NULL,0),(761,'蓝旗亚Thesis(进口)',NULL,0),(762,'雷克萨斯CT(进口)',NULL,0),(763,'雷克萨斯ES(进口)',NULL,0),(764,'雷克萨斯GS(进口)',NULL,0),(765,'雷克萨斯GX(进口)',NULL,0),(766,'雷克萨斯IS(进口)',NULL,0),(767,'雷克萨斯LF-A(进口)',NULL,0),(768,'雷克萨斯LS(进口)',NULL,0),(769,'雷克萨斯LX(进口)',NULL,0),(770,'雷克萨斯RX(进口)',NULL,0),(771,'雷克萨斯SC(进口)',NULL,0),(772,'MKS(进口)',NULL,0),(773,'城市(进口)',NULL,0),(774,'林肯LS(进口)',NULL,0),(775,'林肯MKT(进口)',NULL,0),(776,'林肯MKX(进口)',NULL,0),(777,'林肯MKZ(进口)',NULL,0),(778,'林肯加长版(进口)',NULL,0),(779,'领航员(进口)',NULL,0),(780,'黑森林(进口)',NULL,0),(781,'发现(进口)',NULL,0),(782,'揽胜(进口)',NULL,0),(783,'揽胜极光',NULL,0),(784,'揽胜运动版(进口)',NULL,0),(785,'神行者2代(进口)',NULL,0),(786,'自由人',NULL,0),(787,'路虎卫士(进口)',NULL,0),(788,'塔利斯曼(进口)',NULL,0),(789,'拉古那(进口)',NULL,0),(790,'梅甘娜(进口)',NULL,0),(791,'科雷傲(进口)',NULL,0),(792,'纬度(进口)',NULL,0),(793,'雷诺威赛帝(进口)',NULL,0),(794,'风景(进口)',NULL,0),(795,'风朗(进口)',NULL,0),(796,'TF',NULL,0),(797,'罗孚(进口)',NULL,0),(798,'竞悦(进口)',NULL,0),(799,'竞速(进口)',NULL,0),(800,'竞悦',NULL,0),(801,'莲花L3三厢',NULL,0),(802,'莲花L3两厢',NULL,0),(803,'莲花L5三厢',NULL,0),(804,'莲花L5两厢',NULL,0),(805,'理念S1',NULL,0),(806,'Mazda3星骋',NULL,0),(807,'Mazda3星骋两厢',NULL,0),(808,'马自达2',NULL,0),(809,'马自达2劲翔',NULL,0),(810,'马自达3',NULL,0),(811,'马自达6',NULL,0),(812,'马自达6 Wagon',NULL,0),(813,'马自达6轿跑车',NULL,0),(814,'马自达8',NULL,0),(815,'睿翼',NULL,0),(816,'睿翼轿跑',NULL,0),(817,'mazda RX-8(进口)',NULL,0),(818,'Mazda6(进口)',NULL,0),(819,'马自达323(进口)',NULL,0),(820,'马自达3两厢(进口)',NULL,0),(821,'马自达5(进口)',NULL,0),(822,'马自达626(进口)',NULL,0),(823,'马自达929(进口)',NULL,0),(824,'马自达CX-7(进口)',NULL,0),(825,'马自达MPV(进口)',NULL,0),(826,'马自达MX-5(进口)',NULL,0),(827,'富旺',NULL,0),(828,'陆程',NULL,0),(829,'美亚顺风',NULL,0),(830,'奇骏',NULL,0),(831,'MG 3',NULL,0),(832,'MG 3SW',NULL,0),(833,'MG 5',NULL,0),(834,'MG 6',NULL,0),(835,'MG 6三厢',NULL,0),(836,'MG 7',NULL,0),(837,'MG TF',NULL,0),(838,'MGTF(进口)',NULL,0),(839,'CABRIO(进口)',NULL,0),(840,'CLUBMAN(进口)',NULL,0),(841,'COUNTRYMAN',NULL,0),(842,'COUPE(进口)',NULL,0),(843,'MINI',NULL,0),(844,'ROADSTER(进口)',NULL,0),(845,'57S',NULL,0),(846,'迈巴赫57(进口)',NULL,0),(847,'迈巴赫62(进口)',NULL,0),(848,'迈巴赫62S(进口)',NULL,0),(849,'GranCabrio(进口)',NULL,0),(850,'GranSport(进口)',NULL,0),(851,'总裁(进口)',NULL,0),(852,'玛莎拉蒂Coupe(进口)',NULL,0),(853,'玛莎拉蒂GT(进口)',NULL,0),(854,'玛莎拉蒂spyder(进口)',NULL,0),(855,'牡丹客车',NULL,0),(856,'大7 SUV',NULL,0),(857,'讴歌MDX(进口)',NULL,0),(858,'讴歌RL(进口)',NULL,0),(859,'讴歌TL(进口)',NULL,0),(860,'讴歌ZDX(进口)',NULL,0),(861,'安德拉(进口)',NULL,0),(862,'欧宝GT(进口)',NULL,0),(863,'欧捷利(进口)',NULL,0),(864,'欧美佳(进口)',NULL,0),(865,'赛飞利(进口)',NULL,0),(866,'威达(进口)',NULL,0),(867,'雅特(进口)',NULL,0),(868,'雅特A+',NULL,0),(869,'雅特GTC(进口)',NULL,0),(870,'雅特TwinTop(进口)',NULL,0),(871,'欧朗',NULL,0),(872,'旁蒂克(进口)',NULL,0),(873,'丽欧',NULL,0),(874,'凯尊(进口)',NULL,0),(875,'新佳乐(进口)',NULL,0),(876,'普莱特',NULL,0),(877,'欧菲莱斯(进口)',NULL,0),(878,'欧迪玛(进口)',NULL,0),(879,'狮跑(进口)',NULL,0),(880,'索兰托(进口)',NULL,0),(881,'维斯特',NULL,0),(882,'苏玛',NULL,0),(883,'起亚VQ(进口)',NULL,0),(884,'起亚嘉华(进口)',NULL,0),(885,'起亚康柯得(进口)',NULL,0),(886,'速迈(进口)',NULL,0),(887,'霸锐(进口)',NULL,0),(888,'K2两厢',NULL,0),(889,'东风悦达起亚K2',NULL,0),(890,'东风悦达起亚K5',NULL,0),(891,'千里马',NULL,0),(892,'嘉华',NULL,0),(893,'宝驹',NULL,0),(894,'智跑',NULL,0),(895,'狮跑',NULL,0),(896,'福瑞迪',NULL,0),(897,'秀尔',NULL,0),(898,'赛拉图',NULL,0),(899,'赛拉图欧风',NULL,0),(900,'远舰',NULL,0),(901,'锐欧',NULL,0),(902,'A3三厢',NULL,0),(903,'A3两厢',NULL,0),(904,'东方之子',NULL,0),(905,'东方之子CROSS',NULL,0),(906,'奇瑞',NULL,0),(907,'奇瑞A1',NULL,0),(908,'奇瑞A5',NULL,0),(909,'奇瑞E5',NULL,0),(910,'奇瑞QQ3',NULL,0),(911,'奇瑞QQ6',NULL,0),(912,'奇瑞QQme',NULL,0),(913,'旗云',NULL,0),(914,'旗云1',NULL,0),(915,'旗云2',NULL,0),(916,'旗云3',NULL,0),(917,'旗云5',NULL,0),(918,'瑞虎',NULL,0),(919,'风云',NULL,0),(920,'风云2三厢',NULL,0),(921,'风云2两厢',NULL,0),(922,'庆铃中型商用车',NULL,0),(923,'庆铃多功能车',NULL,0),(924,'庆铃皮卡',NULL,0),(925,'庆铃轻型商用车',NULL,0),(926,'庆铃重型商用车',NULL,0),(927,'竞技者',NULL,0),(928,'全球鹰GC7',NULL,0),(929,'全球鹰GX2',NULL,0),(930,'全球鹰GX7',NULL,0),(931,'熊猫',NULL,0),(932,'自由舰',NULL,0),(933,'远景',NULL,0),(934,'启辰D50',NULL,0),(935,'佳奔(海外)',NULL,0),(936,'公爵(进口)',NULL,0),(937,'旗舰(进口)',NULL,0),(938,'无限Q45',NULL,0),(939,'日产350Z(进口)',NULL,0),(940,'日产370Z',NULL,0),(941,'日产GT-R(进口)',NULL,0),(942,'日产奇骏(进口)',NULL,0),(943,'日产美仑奴(进口)',NULL,0),(944,'日产西玛(进口)',NULL,0),(945,'日产贵士(进口)',NULL,0),(946,'日产途乐(进口)',NULL,0),(947,'日产风度(进口)',NULL,0),(948,'日产风雅(进口)',NULL,0),(949,'桂冠Medalist',NULL,0),(950,'碧莲(进口)',NULL,0),(951,'蓝鸟',NULL,0),(952,'阳光',NULL,0),(953,'天籁',NULL,0),(954,'楼兰',NULL,0),(955,'玛驰',NULL,0),(956,'轩逸',NULL,0),(957,'逍客',NULL,0),(958,'颐达',NULL,0),(959,'骊威',NULL,0),(960,'骏逸',NULL,0),(961,'骐达',NULL,0),(962,'D22皮卡',NULL,0),(963,'ZN6491系列',NULL,0),(964,'凯普斯达',NULL,0),(965,'奥丁',NULL,0),(966,'帅客',NULL,0),(967,'帕拉丁',NULL,0),(968,'帕拉骐',NULL,0),(969,'御轩',NULL,0),(970,'郑州日产NV200',NULL,0),(971,'郑州日产ZN6493',NULL,0),(972,'锐骐多功能商用车',NULL,0),(973,'锐骐皮卡',NULL,0),(974,'荣威350',NULL,0),(975,'荣威550',NULL,0),(976,'荣威750',NULL,0),(977,'荣威950',NULL,0),(978,'荣威W5',NULL,0),(979,'瑞麒2',NULL,0),(980,'瑞麒G3',NULL,0),(981,'瑞麒G5',NULL,0),(982,'瑞麒G6',NULL,0),(983,'瑞麒M1',NULL,0),(984,'瑞麒M5',NULL,0),(985,'瑞麒X1',NULL,0),(986,'昊锐',NULL,0),(987,'晶锐',NULL,0),(988,'明锐',NULL,0),(989,'明锐RS',NULL,0),(990,'法比亚(进口)',NULL,0),(991,'欧雅(进口)',NULL,0),(992,'弗雷西亚(进口)',NULL,0),(993,'速派(进口)',NULL,0),(994,'伊柯丽斯(进口)',NULL,0),(995,'劲炫(进口)',NULL,0),(996,'帕杰罗(进口)',NULL,0),(997,'帕杰罗劲畅(进口)',NULL,0),(998,'戈蓝(进口)',NULL,0),(999,'格蓝迪(进口)',NULL,0),(1000,'欧蓝德EX劲界(进口)',NULL,0),(1001,'蓝瑟 EX(进口)',NULL,0),(1002,'蓝瑟 翼豪陆神(进口)',NULL,0),(1003,'蓝瑟(进口)',NULL,0),(1004,'三菱翼神',NULL,0),(1005,'君阁',NULL,0),(1006,'戈蓝',NULL,0),(1007,'菱绅',NULL,0),(1008,'蓝瑟',NULL,0),(1009,'帕杰罗速跑',NULL,0),(1010,'欧蓝德',NULL,0),(1011,'帕杰罗',NULL,0),(1012,'双环SCEO',NULL,0),(1013,'小贵族',NULL,0),(1014,'来宝S-RV',NULL,0),(1015,'来旺',NULL,0),(1016,'申驰旅居汽车',NULL,0),(1017,'Fortwo(进口)',NULL,0),(1018,'精灵纯洁(进口)',NULL,0),(1019,'精灵节奏(进口)',NULL,0),(1020,'MB100',NULL,0),(1021,'主席(进口)',NULL,0),(1022,'享御(进口)',NULL,0),(1023,'雷斯特(进口)',NULL,0),(1024,'柯兰多(进口)',NULL,0),(1025,'爱腾(进口)',NULL,0),(1026,'路帝(进口)',NULL,0),(1027,'雷斯特II(进口)',NULL,0),(1028,'萨博9000CD(进口)',NULL,0),(1029,'萨博9-3(进口)',NULL,0),(1030,'萨博9-5(进口)',NULL,0),(1031,'傲虎(进口)',NULL,0),(1032,'力狮(进口)',NULL,0),(1033,'斯巴鲁XV',NULL,0),(1034,'森林人(进口)',NULL,0),(1035,'翼豹 WRX STI(进口)',NULL,0),(1036,'翼豹(进口)',NULL,0),(1037,'驰鹏(进口)',NULL,0),(1038,'三星道奇(捷龙)',NULL,0),(1039,'海霸',NULL,0),(1040,'世爵C8(进口)',NULL,0),(1041,'天马乘龙',NULL,0),(1042,'天马御虎',NULL,0),(1043,'天马海狮',NULL,0),(1044,'天马英雄',NULL,0),(1045,'天马风锐',NULL,0),(1046,'天马风驰',NULL,0),(1047,'天马风骏',NULL,0),(1048,'天马骏驰',NULL,0),(1049,'海拉克斯',NULL,0),(1050,'风翼',NULL,0),(1051,'通田阁罗',NULL,0),(1052,'田野',NULL,0),(1053,'塔菲克',NULL,0),(1054,'S40(进口)',NULL,0),(1055,'S70',NULL,0),(1056,'XC70',NULL,0),(1057,'沃尔沃 C70(进口)',NULL,0),(1058,'沃尔沃C30(进口)',NULL,0),(1059,'沃尔沃S60(进口)',NULL,0),(1060,'沃尔沃S80(进口)',NULL,0),(1061,'沃尔沃V60(进口)',NULL,0),(1062,'沃尔沃V70(进口)',NULL,0),(1063,'沃尔沃XC60(进口)',NULL,0),(1064,'沃尔沃XC90(进口)',NULL,0),(1065,'长安沃尔沃S40',NULL,0),(1066,'长安沃尔沃S80L',NULL,0),(1067,'万丰商务车',NULL,0),(1068,'泰威',NULL,0),(1069,'速威',NULL,0),(1070,'速达',NULL,0),(1071,'PN系列货车',NULL,0),(1072,'五菱之光',NULL,0),(1073,'五菱兴旺',NULL,0),(1074,'五菱宏光',NULL,0),(1075,'五菱小旋风',NULL,0),(1076,'五菱扬光',NULL,0),(1077,'五菱荣光',NULL,0),(1078,'五菱荣光小卡',NULL,0),(1079,'五菱鸿途',NULL,0),(1080,'柳州五菱',NULL,0),(1081,'都市清风',NULL,0),(1082,'中型客车',NULL,0),(1083,'铁金刚',NULL,0),(1084,'突路霸',NULL,0),(1085,'五十铃MU',NULL,0),(1086,'威麟H3',NULL,0),(1087,'威麟H5',NULL,0),(1088,'威麟V5',NULL,0),(1089,'威麟X5',NULL,0),(1090,'爱丽舍',NULL,0),(1091,'爱丽舍两厢',NULL,0),(1092,'东风雪铁龙C5',NULL,0),(1093,'富康',NULL,0),(1094,'凯旋',NULL,0),(1095,'萨拉-毕加索',NULL,0),(1096,'赛纳',NULL,0),(1097,'世嘉两厢',NULL,0),(1098,'世嘉三厢',NULL,0),(1099,'雪铁龙C2',NULL,0),(1100,'C4 AIRCROSS',NULL,0),(1101,'C4毕加索(进口)',NULL,0),(1102,'雪铁龙C4(进口)',NULL,0),(1103,'雪铁龙C5(进口)',NULL,0),(1104,'雪铁龙C6(进口)',NULL,0),(1105,'世纪(进口)',NULL,0),(1106,'劳恩斯(进口)',NULL,0),(1107,'劳恩斯酷派(进口)',NULL,0),(1108,'君爵(进口)',NULL,0),(1109,'得利',NULL,0),(1110,'新胜达(进口)',NULL,0),(1111,'特杰',NULL,0),(1112,'现代美佳(进口)',NULL,0),(1113,'索纳塔(进口)',NULL,0),(1114,'维拉克斯(进口)',NULL,0),(1115,'辉翼(进口)',NULL,0),(1116,'酷派(进口)',NULL,0),(1117,'雅尊(进口)',NULL,0),(1118,'雅科仕(进口)',NULL,0),(1119,'飞思(进口)',NULL,0),(1120,'i30',NULL,0),(1121,'ix35',NULL,0),(1122,'伊兰特',NULL,0),(1123,'伊兰特两厢',NULL,0),(1124,'名驭',NULL,0),(1125,'御翔',NULL,0),(1126,'悦动',NULL,0),(1127,'瑞纳',NULL,0),(1128,'瑞纳两厢',NULL,0),(1129,'索纳塔',NULL,0),(1130,'途胜',NULL,0),(1131,'雅绅特',NULL,0),(1132,'领翔',NULL,0),(1133,'克尔维特C6(进口)',NULL,0),(1134,'斯帕可(进口)',NULL,0),(1135,'沃蓝达(进口)',NULL,0),(1136,'科帕奇(进口)',NULL,0),(1137,'科西嘉(进口)',NULL,0),(1138,'科迈罗(进口)',NULL,0),(1139,'雪佛兰(进口)',NULL,0),(1140,'雪佛兰EXPRESS(进口)',NULL,0),(1141,'S10',NULL,0),(1142,'乐风',NULL,0),(1143,'乐骋',NULL,0),(1144,'新赛欧SRV',NULL,0),(1145,'景程',NULL,0),(1146,'爱唯欧三厢',NULL,0),(1147,'爱唯欧两厢',NULL,0),(1148,'科帕奇',NULL,0),(1149,'科鲁兹',NULL,0),(1150,'赛欧三厢',NULL,0),(1151,'赛欧两厢',NULL,0),(1152,'迈锐宝',NULL,0),(1153,'雪佛兰开拓者',NULL,0),(1154,'君达SUV',NULL,0),(1155,'新雅途',NULL,0),(1156,'新雅途·优尼柯',NULL,0),(1157,'英格尔',NULL,0),(1158,'源动力',NULL,0),(1159,'魔兽',NULL,0),(1160,'锐达',NULL,0),(1161,'新凯CUV',NULL,0),(1162,'新凯SRV',NULL,0),(1163,'新凯SUV',NULL,0),(1164,'新凯海狮',NULL,0),(1165,'新凯皮卡',NULL,0),(1166,'Leon',NULL,0),(1167,'GMC皇家级',NULL,0),(1168,'奔驰S级',NULL,0),(1169,'丰田4Runner',NULL,0),(1170,'丰田红杉',NULL,0),(1171,'福特F系列',NULL,0),(1172,'福特商务车',NULL,0),(1173,'林肯领航员',NULL,0),(1174,'斯宾特Sprinter',NULL,0),(1175,'Daily',NULL,0),(1176,'宝迪',NULL,0),(1177,'得意',NULL,0),(1178,'都灵',NULL,0),(1179,'康果',NULL,0),(1180,'欧霸',NULL,0),(1181,'威尼斯',NULL,0),(1182,'越野车',NULL,0),(1183,'赛宝',NULL,0),(1184,'华利微型客车',NULL,0),(1185,'威乐',NULL,0),(1186,'威志V2',NULL,0),(1187,'威志V5',NULL,0),(1188,'威志两厢',NULL,0),(1189,'威志三厢',NULL,0),(1190,'威姿',NULL,0),(1191,'夏利',NULL,0),(1192,'夏利2000',NULL,0),(1193,'夏利A+',NULL,0),(1194,'夏利N3',NULL,0),(1195,'夏利N3+两厢',NULL,0),(1196,'夏利N3+三厢',NULL,0),(1197,'夏利N5',NULL,0),(1198,'一汽佳星幸福使者',NULL,0),(1199,'森雅M80',NULL,0),(1200,'森雅S80',NULL,0),(1201,'一汽奥星',NULL,0),(1202,'一汽佳宝',NULL,0),(1203,'森雅',NULL,0),(1204,'自由风',NULL,0),(1205,'坤程',NULL,0),(1206,'A380',NULL,0),(1207,'庄威',NULL,0),(1208,'永源五星',NULL,0),(1209,'风景线',NULL,0),(1210,'Q45',NULL,0),(1211,'英菲尼迪EX(进口)',NULL,0),(1212,'英菲尼迪FX(进口)',NULL,0),(1213,'英菲尼迪G(进口)',NULL,0),(1214,'英菲尼迪M(进口)',NULL,0),(1215,'英菲尼迪QX(进口)',NULL,0),(1216,'云豹',NULL,0),(1217,'云雀WOW',NULL,0),(1218,'野马F10',NULL,0),(1219,'野马F12',NULL,0),(1220,'野马F99',NULL,0),(1221,'SC5-RV',NULL,0),(1222,'上海英伦TX4',NULL,0),(1223,'英伦SC7',NULL,0),(1224,'金刚',NULL,0),(1225,'金刚2代',NULL,0),(1226,'金鹰',NULL,0),(1227,'友谊中巴',NULL,0),(1228,'长铃皮卡',NULL,0),(1229,'驰野',NULL,0),(1230,'福星皮卡',NULL,0),(1231,'金狮',NULL,0),(1232,'田野SUV',NULL,0),(1233,'田野皮卡',NULL,0),(1234,'万禧龙',NULL,0),(1235,'中兴福星SUV',NULL,0),(1236,'中兴海豹',NULL,0),(1237,'中兴老虎',NULL,0),(1238,'中兴旗舰',NULL,0),(1239,'中兴威虎',NULL,0),(1240,'中兴无限',NULL,0),(1241,'骏捷',NULL,0),(1242,'骏捷Cross',NULL,0),(1243,'骏捷FRV',NULL,0),(1244,'骏捷FSV',NULL,0),(1245,'骏捷Wagon',NULL,0),(1246,'中华',NULL,0),(1247,'中华H530',NULL,0),(1248,'中华V5',NULL,0),(1249,'中华酷宝',NULL,0),(1250,'尊驰',NULL,0),(1251,'华北超赛',NULL,0),(1252,'华北骏风',NULL,0),(1253,'华北腾狮',NULL,0),(1254,'华北醒狮',NULL,0),(1255,'中顺MPV',NULL,0),(1256,'中顺SUV',NULL,0),(1257,'中顺皮卡',NULL,0),(1258,'中顺世纪',NULL,0),(1259,'众泰2008',NULL,0),(1260,'众泰5008',NULL,0),(1261,'众泰M300',NULL,0),(1262,'众泰V10',NULL,0),(1263,'众泰Z200',NULL,0),(1264,'众泰Z200HB',NULL,0),(1265,'众泰Z300',NULL,0),(1266,'江南TT',NULL,0),(1267,'中欧奔驰房车',NULL,0),(1268,'奥迪Q3(进口)',NULL,0),(1269,'奥迪RS5(进口)',NULL,0),(1270,'AC Schnitzer ACS7',NULL,0),(1271,'AC Schnitzer ACS5',NULL,0),(1272,'AC Schnitzer ACS6',NULL,0),(1273,'速锐',NULL,0),(1274,'本田CR-Z(进口)',NULL,0),(1275,'奔腾B90',NULL,0),(1276,'LA JOYA',NULL,0),(1277,'悦翔V3',NULL,0),(1278,'悦翔V5',NULL,0),(1279,'POLO GTI',NULL,0),(1280,'御风',NULL,0),(1281,'V5菱致',NULL,0),(1282,'DS3(进口)',NULL,0),(1283,'DS4(进口)',NULL,0),(1284,'DS5(进口)',NULL,0),(1285,'菲翔',NULL,0),(1286,'奥铃捷运',NULL,0),(1287,'荣达',NULL,0),(1288,'途腾T1',NULL,0),(1289,'域虎',NULL,0),(1290,'英伦SC3',NULL,0),(1291,'马自达CX-5(进口)',NULL,0),(1292,'讴歌RDX(进口)',NULL,0),(1293,'启辰R50',NULL,0),(1294,'朗动',NULL,0),(1295,'中华H230',NULL,0),(1296,'中华H320',NULL,0),(1297,'奥迪S6',NULL,0),(1298,'奥迪S7',NULL,0),(1299,'阿斯顿马丁Vanquish',NULL,0),(1300,'斯宾特(进口)',NULL,0),(1301,'标致3008',NULL,0),(1302,'音赛特',NULL,0),(1303,'昂科拉',NULL,0),(1304,'北汽威旺205',NULL,0),(1305,'长安CS35',NULL,0),(1306,'欧力威',NULL,0),(1307,'长安微货神骐',NULL,0),(1308,'东风小康C35',NULL,0),(1309,'东风小康V26',NULL,0),(1310,'丰田86',NULL,0),(1311,'翼搏',NULL,0),(1312,'翼虎',NULL,0),(1313,'福克斯(进口)',NULL,0),(1314,'雄狮F16皮卡',NULL,0),(1315,'F12 berlinetta(海外)',NULL,0),(1316,'Evantra',NULL,0),(1317,'路盛E70',NULL,0),(1318,'途腾T2',NULL,0),(1319,'瑞风S5',NULL,0),(1320,'捷豹F-Type',NULL,0),(1321,'英伦SC6',NULL,0),(1322,'英伦SX7',NULL,0),(1323,'凯迪拉克XTS',NULL,0),(1324,'爱卡',NULL,0),(1325,'卡尔森C25',NULL,0),(1326,'卡尔森GL级',NULL,0),(1327,'卡尔森S级',NULL,0),(1328,'陆风X5',NULL,0),(1329,'力帆720',NULL,0),(1330,'Aventador',NULL,0),(1331,'马自达CX-9',NULL,0),(1332,'大7 CEO',NULL,0),(1333,'讴歌ILX',NULL,0),(1334,'起亚K3',NULL,0),(1335,'荣威E50',NULL,0),(1336,'新劲炫ASX',NULL,0),(1337,'斯巴鲁BRZ',NULL,0),(1338,'威兹曼GT',NULL,0),(1339,'威兹曼Roadster',NULL,0),(1340,'雪铁龙C4 L',NULL,0),(1341,'全新胜达',NULL,0),(1342,'赛欧SPRINGO',NULL,0),(1343,'夏利N7',NULL,0),(1344,'英菲尼迪JX(海外)',NULL,0),(1345,'奥迪Q3',NULL,0),(1346,'宝马3系GT',NULL,0),(1347,'PACEMAN',NULL,0),(1348,'COUNTRYMAN JCW',NULL,0),(1349,'PACEMAN JCW',NULL,0),(1350,'COUPE JCW',NULL,0),(1351,'MINI JCW',NULL,0),(1352,'CLUBMAN JCW',NULL,0),(1353,'BRABUS巴博斯 SLK级',NULL,0),(1354,'奔腾X80',NULL,0),(1355,'杰德',NULL,0),(1356,'凌派',NULL,0),(1357,'思锐',NULL,0),(1358,'飞驰',NULL,0),(1359,'睿骋',NULL,0),(1360,'致尚XT',NULL,0),(1361,'红旗H7',NULL,0),(1362,'福仕达新腾达',NULL,0),(1363,'福卡',NULL,0),(1364,'海马M3',NULL,0),(1365,'海马S7',NULL,0),(1366,'风骏房车',NULL,0),(1367,'哈弗H8',NULL,0),(1368,'D22厢式车',NULL,0),(1369,'风迪思',NULL,0),(1370,'星旺L',NULL,0),(1371,'星旺M1',NULL,0),(1372,'星旺M2',NULL,0),(1373,'星朗',NULL,0),(1374,'帕杰罗·劲畅',NULL,0),(1375,'朗行',NULL,0),(1376,'小海狮',NULL,0),(1377,'绅宝',NULL,0),(1378,'金龙金威',NULL,0),(1379,'金龙凯歌',NULL,0),(1380,'东风EQ6580ST系列',NULL,0),(1381,'雷斯特W',NULL,0),(1382,'金旅海狮',NULL,0),(1383,'金旅客车系列',NULL,0),(1384,'传祺GA3',NULL,0),(1385,'昕锐',NULL,0),(1386,'速派',NULL,0),(1387,'Superb Combi',NULL,0),(1388,'Yeti',NULL,0),(1389,'MAGNUM',NULL,0),(1390,'Grand GT',NULL,0),(1391,'Agera',NULL,0),(1392,'威霆国宾',NULL,0),(1393,'沃尔沃V40',NULL,0),(1394,'V6菱仕',NULL,0),(1395,'法拉利FF',NULL,0),(1396,'伊比飒',NULL,0),(1397,'欧悦搏',NULL,0),(1398,'康恩迪',NULL,0),(1399,'北斗星X5',NULL,0),(1400,'格锐',NULL,0),(1401,'蒙派克S',NULL,0),(1402,'威霆119',NULL,0),(1403,'凌特324',NULL,0),(1404,'凌特524',NULL,0),(1405,'嘉年华',NULL,0),(1406,'路特斯Evora',NULL,0),(1407,'Sierra',NULL,0),(1408,'Terrain',NULL,0),(1409,'科鲁兹掀背',NULL,0),(1410,'马自达CX-5',NULL,0),(1411,'ATENZA',NULL,0),(1412,'摩根plus 8',NULL,0),(1413,'摩根Roadster',NULL,0),(1414,'全新爱丽舍',NULL,0),(1415,'大7 MPV',NULL,0),(1416,'纳智捷5 Sedan',NULL,0),(1417,'亚星客车',NULL,0),(1418,'英速亚',NULL,0),(1419,'Zonda Cinque',NULL,0),(1420,'艾瑞泽7',NULL,0),(1421,'奇瑞E3',NULL,0),(1422,'K5（进口）',NULL,0),(1423,'英菲尼迪Q60',NULL,0),(1424,'英菲尼迪QX50',NULL,0),(1425,'英菲尼迪Q70L',NULL,0),(1426,'英菲尼迪QX60',NULL,0),(1427,'英菲尼迪QX70',NULL,0),(1428,'英菲尼迪QX80',NULL,0),(1429,'英菲尼迪Q60S',NULL,0),(1430,'猎鹰',NULL,0),(1431,'客运客车',NULL,0),(1432,'中华H330',NULL,0),(1433,'领秀客车',NULL,0),(1434,'威虎G3',NULL,0),(1435,'众泰T200',NULL,0),(1436,'众泰Z100',NULL,0),(1437,'讴歌RLX',NULL,0),(1438,'海景',NULL,0),(1439,'御骏',NULL,0),(1440,'龙威',NULL,0),(1441,'吉奥凯旋',NULL,0),(1442,'星旺CL',NULL,0),(1443,'致胜',NULL,0),(1444,'坦途',NULL,0),(1445,'凯美瑞(海外)',NULL,0),(1446,'景逸X5',NULL,0),(1447,'瑞风M5',NULL,0),(1448,'汗马',NULL,0),(1449,'虎视',NULL,0),(1450,'如虎 CTR 3',NULL,0),(1451,'如虎 XL',NULL,0),(1452,'捷豹X-Type',NULL,0),(1453,'福御',NULL,0),(1454,'九龙A5',NULL,0),(1455,'九龙A6',NULL,0),(1456,'奥迪A6',NULL,0),(1457,'柯尼赛格CCX',NULL,0),(1458,'柯尼赛格CCXR',NULL,0),(1459,'Murcielago',NULL,0),(1460,'Reventon',NULL,0),(1461,'劳伦士S级',NULL,0),(1462,'劳伦士M级',NULL,0),(1463,'锐铃',NULL,0),(1464,'越铃',NULL,0),(1465,'五十铃皮卡',NULL,0),(1466,'索纳塔八',NULL,0),(1467,'猎豹6481',NULL,0),(1468,'途胜(进口)',NULL,0),(1469,'全新胜达(进口)',NULL,0),(1470,'凯胜',NULL,0),(1471,'雪铁龙C3',NULL,0),(1472,'迈凯轮P1',NULL,0),(1473,'摩根Aero',NULL,0),(1474,'摩根Plus 4',NULL,0),(1475,'广本大众',NULL,0),(1476,'拖拉机',NULL,0);

#
# Structure for table "car"
#

DROP TABLE IF EXISTS `car`;
CREATE TABLE `car` (
  `id` int(11) NOT NULL AUTO_INCREMENT COMMENT 'ID',
  `bid` varchar(255) DEFAULT NULL COMMENT '品牌ID',
  `sid` int(11) DEFAULT NULL COMMENT '型号ID',
  `code` varchar(30) DEFAULT NULL COMMENT '车辆识别码',
  `color` varchar(10) DEFAULT NULL COMMENT '颜色',
  `pid` int(11) DEFAULT NULL COMMENT '车主ID',
  `status` int(11) DEFAULT '0' COMMENT '状态',
  `year` int(4) DEFAULT NULL COMMENT '年份',
  `km` float(10,2) DEFAULT NULL COMMENT '里程',
  `info` text COMMENT '备注',
  `hiredate` timestamp NULL DEFAULT CURRENT_TIMESTAMP ON UPDATE CURRENT_TIMESTAMP COMMENT '登记日期',
  `no` varchar(20) DEFAULT NULL COMMENT '车牌号',
  PRIMARY KEY (`id`),
  KEY `FK_SIZE` (`sid`),
  KEY `FK_CUSTOM` (`pid`),
  CONSTRAINT `FK_CUSTOM` FOREIGN KEY (`pid`) REFERENCES `custom` (`id`),
  CONSTRAINT `FK_SIZE` FOREIGN KEY (`sid`) REFERENCES `size` (`id`)
) ENGINE=InnoDB AUTO_INCREMENT=20 DEFAULT CHARSET=utf8;

#
# Data for table "car"
#

INSERT INTO `car` VALUES (1,'',NULL,'32165498732145663','蓝',7,0,2016,2100.00,'车况良好','2017-05-20 09:53:03','冀CA5738'),(2,'',NULL,'32165498732145679','黑色',7,0,2015,1850.00,'无','2017-05-20 09:53:04','冀C12345'),(3,'',NULL,'32165498732145678','黑色',7,0,2015,180.00,'无','2017-05-20 09:53:02','冀D12333'),(4,'',NULL,'32165498732145676','黑色',7,0,2015,8500.00,'无','2017-05-20 09:53:02','冀E12453'),(5,'',NULL,'32165498732145677','黑色',7,1,2015,800.00,'无','2017-05-20 09:53:04','冀F32322'),(6,'',NULL,'32165498732145675','黑色',7,1,2015,800.00,'无','2017-05-20 09:53:01','冀R42211'),(7,'',NULL,'32165498732145674','黑色',7,1,2015,800.00,'无','2017-05-20 09:53:01','冀C55667'),(8,'',NULL,'32165498732145673','白色',10,0,2017,100.00,NULL,'2017-05-20 09:53:06','辽P8890D'),(9,'',NULL,'32165498732145672',NULL,NULL,0,2017,5000.00,NULL,'2017-05-20 09:53:00','黑M00100'),(10,'',NULL,'32165498732145671',NULL,NULL,0,2011,80000.00,NULL,'2017-05-20 09:52:59','黑E10000'),(11,'',NULL,'32165498732145670',NULL,NULL,0,2015,100000.00,NULL,'2017-05-20 09:52:59','吉A12000'),(12,'',NULL,'32165498732145669',NULL,NULL,1,2015,123.00,NULL,'2017-05-20 09:52:58','冀C32343'),(13,'',NULL,'32165498732145668',NULL,NULL,0,2009,100000.00,'远光灯不亮','2017-05-20 09:52:58','冀CQ8850'),(14,'',NULL,'32165498732145667',NULL,NULL,0,2017,110.00,'无','2017-05-20 09:52:58','冀C88B35'),(15,'',NULL,'32165498732145666',NULL,8,0,2011,90000.00,'','2017-05-20 09:52:57','冀CM1000'),(17,'',NULL,'32165498732145665','白',14,0,2017,100.00,'导航屏幕不亮','2017-05-20 09:52:56','辽G12345'),(19,'2',NULL,'32165498732145664','黑',8,0,2017,100.00,'转向灯不亮','2017-05-20 09:55:24','辽E12321');

#
# Structure for table "stock"
#

DROP TABLE IF EXISTS `stock`;
CREATE TABLE `stock` (
  `id` int(11) NOT NULL AUTO_INCREMENT COMMENT 'ID',
  `cid` int(11) DEFAULT NULL COMMENT '配件ID',
  `quantity` float(7,2) DEFAULT NULL COMMENT '数量',
  `size` varchar(50) DEFAULT NULL COMMENT '型号',
  `price` float(7,2) DEFAULT NULL COMMENT '进价',
  `sale` float(7,2) DEFAULT NULL COMMENT '售价',
  `status` int(3) DEFAULT '0' COMMENT '状态',
  PRIMARY KEY (`id`),
  KEY `FK_COMPONENT_STOCK` (`cid`),
  CONSTRAINT `FK_COMPONENT_STOCK` FOREIGN KEY (`cid`) REFERENCES `component` (`id`)
) ENGINE=InnoDB AUTO_INCREMENT=113 DEFAULT CHARSET=utf8 COMMENT='配件库存';

#
# Data for table "stock"
#

INSERT INTO `stock` VALUES (32,1,8.00,'大众A01',88.00,120.00,0),(33,1,99.00,'大众A02',66.00,115.00,0),(34,1,50.00,'大众A03',77.00,130.00,0),(56,2,149.00,'2升',90.00,150.00,0),(57,2,100.00,'1.5升',65.00,120.00,0),(58,2,80.00,'3升',130.00,210.00,0),(59,9,11.00,'速腾09',350.00,600.00,0),(60,9,3.00,'迈腾15',7.00,70.00,0),(79,3,20.00,'比亚迪F1',10.00,20.00,0),(80,3,25.00,'比亚迪F3',200.00,400.00,0),(81,3,23.00,'比亚迪F0',180.00,220.00,0),(87,10,15.00,'avav',20.00,40.00,0),(94,12,8.00,'速腾09',80.00,188.00,0),(95,12,10.00,'雅阁12',90.00,190.00,0),(96,12,10.00,'凯美瑞15',100.00,200.00,0),(102,16,10.00,'ab2',12.00,24.00,0),(103,16,15.00,'ab3',10.00,15.00,0),(107,14,40.00,'DZ-A2',32.00,60.00,0),(108,14,31.00,'DZ-A1',25.00,50.00,0),(109,14,30.00,'DZ-A3',12.00,24.00,0),(110,17,3.00,'本田雅阁方向盘',100.00,300.00,0),(111,17,8.00,'本田奥德赛方向盘',150.00,400.00,0),(112,8,10.00,'大号',300.00,380.00,0);
